순위,활동명,본명(다를 때),분야,층,층 이름,접점·이유,변환 비고
1,Bruno Mars,Peter Gene Hernandez,가수,1,한국 접점,로제 'APT.'(2024) — 최대 크로스오버. 필리핀계라 필리핀 타겟도 겹침,본명 Peter 로 변환하면 '피터'라 활동명 Bruno 로
2,Lady Gaga,Stefani Joanne Angelina Germanotta,가수,1,한국 접점,블랙핑크 'Sour Candy',활동명 'Lady' 는 이름이 아님 → 본명 Stefani 로 변환하고 캡션은 Lady Gaga
3,Selena Gomez,Selena Marie Gomez,가수·배우,1,한국 접점,블랙핑크 'Ice Cream',사전 안: 고세나
4,Dua Lipa,,가수,1,한국 접점,블랙핑크 'Kiss and Make Up',
5,Cardi B,Belcalis Marlenis Almánzar,래퍼,1,한국 접점,블랙핑크 'Bet You Wanna',"활동명이 이름 꼴이 아님 → 본명 Belcalis 변환, 캡션은 Cardi B"
6,Charlie Puth,Charles Otto Puth Jr.,가수,1,한국 접점,"정국 'Left and Right', 2018 MBC 무대",
7,Halsey,Ashley Nicolette Frangipane,가수,1,한국 접점,BTS 'Boy With Luv',단일 예명 → 본명 Ashley 변환 가능
8,Chris Martin (Coldplay),Christopher Anthony John Martin,가수,1,한국 접점,BTS 'My Universe',
9,Megan Thee Stallion,Megan Jovon Ruth Pete,래퍼,1,한국 접점,BTS 'Butter' 리믹스,
10,Ed Sheeran,Edward Christopher Sheeran,가수,1,한국 접점,BTS 'Permission to Dance'·'Make It Right' 공동 작곡,
11,Nicki Minaj,Onika Tanya Maraj,래퍼,1,한국 접점,BTS 'Idol' 리믹스,본명 Onika 변환
12,Sia,Sia Kate Isobelle Furler,가수,1,한국 접점,BTS 'ON' 피처링,단일 예명(성 없음)
13,Lauv,Ari Staprans Leff,가수,1,한국 접점,BTS 'Make It Right'·'Who',본명 Ari 변환
14,Steve Aoki,Steven Hiroyuki Aoki,DJ,1,한국 접점,BTS 'Mic Drop' 리믹스·'Waste It on Me',
15,Jason Derulo,Jason Joel Desrouleaux,가수,1,한국 접점,'Savage Love' BTS 리믹스,
16,Snoop Dogg,Calvin Cordozar Broadus Jr.,래퍼,1,한국 접점,BTS 'Bad Decisions',본명 Calvin 변환
17,Benny Blanco,Benjamin Joseph Levin,프로듀서,1,한국 접점,"BTS 'Bad Decisions', 셀레나 고메즈 남편",
18,Latto,Alyssa Michelle Stephens,래퍼,1,한국 접점,정국 'Seven',본명 Alyssa 변환
19,Jack Harlow,Jackman Thomas Harlow,래퍼,1,한국 접점,정국 '3D',
20,Usher,Usher Raymond IV,가수,1,한국 접점,정국 'Standing Next to You' 리믹스,
21,Anderson .Paak,Brandon Paak Anderson,가수,1,한국 접점,"어머니가 한국계, Silk Sonic(브루노 마스)",본명 Brandon 변환
22,Markiplier,Mark Edward Fischbach,유튜버,1,한국 접점,어머니가 한국인 — 팬들이 한국 이름을 궁금해함,본명 Mark 변환
23,Emma Myers,Emma Elizabeth Myers,배우,1,한국 접점,"〈Wednesday〉 배우, 세븐틴 팬으로 유명",사전 안: 문예나
24,IShowSpeed,Darren Jason Watkins Jr.,스트리머,1,한국 접점,"2024 한국 방문 영상, Gen Z 남성 도달",본명 Darren 변환 (사전 안: 이대헌)
25,Conan Gray,Conan Lee Gray,가수,1,한국 접점,"한국 팬덤 큼, 내한 공연 다수",
26,Olivia Rodrigo,Olivia Isabel Rodrigo,가수,1,한국 접점,"필리핀계, 2층 팬덤 + 필리핀 타겟",
27,Taylor Swift,Taylor Alison Swift,가수,2,메가 팝 팬덤,Swifties — 스탠 문화 최대 팬덤,완성(서태이)
28,Ariana Grande,Ariana Grande-Butera,가수,2,메가 팝 팬덤,Arianators,
29,Billie Eilish,Billie Eilish Pirate Baird O'Connell,가수,2,메가 팝 팬덤,Gen Z 핵심 팬덤,
30,Sabrina Carpenter,Sabrina Annlynn Carpenter,가수,2,메가 팝 팬덤,2024~25 최상위 팝,사전 안: 김서린
31,Chappell Roan,Kayleigh Rose Amstutz,가수,2,메가 팝 팬덤,2024~25 급상승,본명 Kayleigh 변환
32,Harry Styles,Harry Edward Styles,가수,2,메가 팝 팬덤,Harries,
33,Justin Bieber,Justin Drew Bieber,가수,2,메가 팝 팬덤,Beliebers,
34,Beyoncé,Beyoncé Giselle Knowles-Carter,가수,2,메가 팝 팬덤,BeyHive,단일 예명 → 성 Knowles 붙여 변환 가능
35,Rihanna,Robyn Rihanna Fenty,가수,2,메가 팝 팬덤,Navy,단일 예명 → 본명 Robyn 또는 Rihanna Fenty
36,Adele,Adele Laurie Blue Adkins,가수,2,메가 팝 팬덤,,단일 예명 → 성 Adkins
37,The Weeknd,Abel Makkonen Tesfaye,가수,2,메가 팝 팬덤,,본명 Abel 변환
38,Doja Cat,Amala Ratna Zandile Dlamini,가수,2,메가 팝 팬덤,틱톡 친화,본명 Amala 변환
39,SZA,Solána Imani Rowe,가수,2,메가 팝 팬덤,,본명 Solána 변환
40,Post Malone,Austin Richard Post,가수,2,메가 팝 팬덤,,본명 Austin 변환
41,Drake,Aubrey Drake Graham,래퍼,2,메가 팝 팬덤,,사전 안(Drake 단독): 두현 / 본명 Aubrey
42,Kendrick Lamar,Kendrick Lamar Duckworth,래퍼,2,메가 팝 팬덤,,
43,Travis Scott,Jacques Bermon Webster II,래퍼,2,메가 팝 팬덤,,본명 Jacques 변환
44,Bad Bunny,Benito Antonio Martínez Ocasio,가수,2,메가 팝 팬덤,라틴 팬덤(미국 내 큼),본명 Benito 변환
45,Miley Cyrus,Destiny Hope Cyrus (출생명),가수,2,메가 팝 팬덤,,법적 이름은 Miley Ray Cyrus
46,Charli XCX,Charlotte Emma Aitchison,가수,2,메가 팝 팬덤,'brat' 밈 세대,본명 Charlotte 변환
47,Tate McRae,Tate Rosner McRae,가수,2,메가 팝 팬덤,틱톡 세대,
48,Gracie Abrams,,가수,2,메가 팝 팬덤,Swifties 와 겹침,
49,Benson Boone,,가수,2,메가 팝 팬덤,2024~25 급상승,
50,Shawn Mendes,Shawn Peter Raul Mendes,가수,2,메가 팝 팬덤,,
51,Camila Cabello,Karla Camila Cabello Estrabao,가수,2,메가 팝 팬덤,,
52,Tyla,Tyla Laura Seethal,가수,2,메가 팝 팬덤,'Water' 틱톡,단일 예명 → 성 Seethal
53,Troye Sivan,Troye Sivan Mellet,가수,2,메가 팝 팬덤,"틱톡 친화, 아시아 팬덤",
54,Zendaya,Zendaya Maree Stoermer Coleman,배우,3,젊은 배우·시리즈,〈Euphoria〉·〈Dune〉,단일 예명 → 성 Coleman
55,Jenna Ortega,Jenna Marie Ortega,배우,3,젊은 배우·시리즈,〈Wednesday〉,사전 안: 오재나
56,Timothée Chalamet,Timothée Hal Chalamet,배우,3,젊은 배우·시리즈,,프랑스식 철자 → 음차 확인
57,Tom Holland,Thomas Stanley Holland,배우,3,젊은 배우·시리즈,스파이더맨,
58,Sydney Sweeney,Sydney Bernice Sweeney,배우,3,젊은 배우·시리즈,〈Euphoria〉,
59,Jacob Elordi,Jacob Nathaniel Elordi,배우,3,젊은 배우·시리즈,〈Euphoria〉·〈Saltburn〉,
60,Millie Bobby Brown,,배우,3,젊은 배우·시리즈,〈Stranger Things〉,
61,Sadie Sink,Sadie Elizabeth Sink,배우,3,젊은 배우·시리즈,"〈Stranger Things〉, 테일러 'All Too Well' 단편",
62,Pedro Pascal,José Pedro Balmaceda Pascal,배우,3,젊은 배우·시리즈,〈The Last of Us〉·〈Mandalorian〉,
63,Florence Pugh,Florence Rose C. M. Pugh,배우,3,젊은 배우·시리즈,〈Dune〉·마블,
64,Anya Taylor-Joy,Anya-Josephine Marie Taylor-Joy,배우,3,젊은 배우·시리즈,〈Queen's Gambit〉,
65,Margot Robbie,Margot Elise Robbie,배우,3,젊은 배우·시리즈,〈Barbie〉,
66,Emma Stone,Emily Jean Stone,배우,3,젊은 배우·시리즈,,사전 안: 서예나 / 본명 Emily
67,Emma Watson,Emma Charlotte Duerre Watson,배우,3,젊은 배우·시리즈,해리 포터,사전 안: 이예나
68,Scarlett Johansson,Scarlett Ingrid Johansson,배우,3,젊은 배우·시리즈,마블,
69,Ryan Gosling,Ryan Thomas Gosling,배우,3,젊은 배우·시리즈,〈Barbie〉·〈La La Land〉,
70,Ryan Reynolds,Ryan Rodney Reynolds,배우,3,젊은 배우·시리즈,데드풀,사전 안 결과(이라익) 어색 — 확인
71,Leonardo DiCaprio,Leonardo Wilhelm DiCaprio,배우,3,젊은 배우·시리즈,,
72,Keanu Reeves,Keanu Charles Reeves,배우,3,젊은 배우·시리즈,"존 윅, 밈 호감도",
73,Chris Hemsworth,Christopher Hemsworth,배우,3,젊은 배우·시리즈,토르,
74,Robert Pattinson,Robert Douglas Thomas Pattinson,배우,3,젊은 배우·시리즈,배트맨·트와일라잇,
75,Austin Butler,Austin Robert Butler,배우,3,젊은 배우·시리즈,〈Elvis〉·〈Dune〉,사전 안: 박오성
76,MrBeast,James Stephen 'Jimmy' Donaldson,유튜버,4,크리에이터·스포츠,세계 최대 유튜버,"본명 Jimmy/James 변환, 캡션은 MrBeast"
77,Kai Cenat,Kai Carlo Cenat III,스트리머,4,크리에이터·스포츠,Gen Z 남성,
78,Addison Rae,Addison Rae Easterling,틱톡·가수,4,크리에이터·스포츠,틱톡 네이티브,
79,Charli D'Amelio,Charli Grace D'Amelio,틱톡,4,크리에이터·스포츠,틱톡 네이티브,
80,PewDiePie,Felix Arvid Ulf Kjellberg,유튜버,4,크리에이터·스포츠,"일본 거주, 아시아 관심 팬덤",본명 Felix 변환
81,Lionel Messi,Lionel Andrés Messi,축구,4,크리에이터·스포츠,범용 도달(비영어권 팬 많음),
82,Cristiano Ronaldo,Cristiano Ronaldo dos Santos Aveiro,축구,4,크리에이터·스포츠,범용 도달,
83,LeBron James,LeBron Raymone James Sr.,농구,4,크리에이터·스포츠,미국 범용,
84,Stephen Curry,Wardell Stephen Curry II,농구,4,크리에이터·스포츠,,활동명 Stephen(본명 Wardell)
85,Simone Biles,Simone Arianne Biles Owens,체조,4,크리에이터·스포츠,올림픽 시즌,
86,Serena Williams,Serena Jameka Williams,테니스,4,크리에이터·스포츠,,사전 안: 이서린
87,Travis Kelce,Travis Michael Kelce,미식축구,4,크리에이터·스포츠,테일러 스위프트 커플 — Swifties 유입,
88,Bella Poarch,Denarie Taylor (보도 기준),틱톡·가수,5,필리핀·인도,"필리핀계, 틱톡 초대형 계정",본명 확인 필요
89,Bretman Rock,Bretman Rock Sacayanan Laforga,크리에이터,5,필리핀·인도,필리핀 출신 뷰티 크리에이터,
90,Nicole Scherzinger,Nicole Prescovia Elikolani Valiente Scherzinger,가수,5,필리핀·인도,필리핀계,
91,Vanessa Hudgens,Vanessa Anne Hudgens,배우,5,필리핀·인도,필리핀계,
92,H.E.R.,Gabriella Sarmiento Wilson,가수,5,필리핀·인도,필리핀계,예명이 이름 꼴 아님 → 본명 Gabriella
93,Saweetie,Diamonté Quiava Valentin Harper,래퍼,5,필리핀·인도,필리핀계,본명 Diamonté
94,Jo Koy,Joseph Glenn Herbert,코미디언,5,필리핀·인도,"필리핀계, 필리핀에서 국민적 인기",본명 Joseph
95,Priyanka Chopra,Priyanka Chopra Jonas,배우,5,필리핀·인도,인도·미국 양쪽,
96,Shah Rukh Khan,,배우,5,필리핀·인도,인도 최대 스타,
97,Deepika Padukone,,배우,5,필리핀·인도,인도,
98,Alia Bhatt,,배우,5,필리핀·인도,"인도, 젊은 팬덤",
99,Diljit Dosanjh,Daljit Singh Dosanjh,가수,5,필리핀·인도,인도·해외 인도계 투어,
100,Dev Patel,,배우,5,필리핀·인도,영미권·인도 양쪽,
